ID,開始時刻,完了時刻,メール,名前,行列やその演算（行列積や逆行列など）についてどのくらい知っていますか？,行列の固有値やスペクトル分解についてどのくらい知っていますか？,回帰（regression）についてどのくらい知っていますか？,正則化（regularization）についてどのくらい知っていますか？,確率的勾配降下法（SGD: Stochastic Gradient Descent）についてどのくらい知っていますか？,分類（classification）についてどのくらい知っていますか,ニューラルネットワークについてどのくらい知っていますか？,サポートベクトルマシン（SVM）についてどのくらい知っていますか,クラスタリングについてどのくらい知っていますか？,主成分分析についてどのくらい知っていますか？,強化学習についてどのくらい知っていますか？,プログラミング言語Pythonについてどのくらい知っていますか？,Kaggleなどのデータ解析コンペに参加したことがありますか？,ご所属を教えて下さい（「その他」には学院名ではなく系の名前を入れてください）。,使ったことがあるサービス・ライブラリにチェックを付けてください,,最終変更時刻
1,2012/5/23 14:23,2012/5/23 14:25,anonymous,,自分で計算できる程度に理解している,講義で聞いたことはある,講義で聞いたことがある,講義で聞いたことがある,講義で聞いたことがある,講義で聞いたことがある,講義で聞いたことがある,講義で聞いたことがある,講義で聞いたことがある,講義で聞いたことがある,講義で聞いたことがある,ある程度コードが書ける,参加したことは無い,情報工学系（情報工学科も含む）,Slack;Github;NumPy;Matplotlib;scikit-learn;Jupyter Notebook（上記のサービスを除く）;,,
2,2012/5/23 14:24,2012/5/23 14:25,anonymous,,講義で聞いたことはある,講義で聞いたことはある,講義で聞いたことがある,講義で聞いたことがある,講義で聞いたことがある,講義で聞いたことがある,講義で聞いたことがある,講義で聞いたことがある,講義で聞いたことがある,講義で聞いたことがある,あまり知らない,ある程度コードが書ける,参加したことは無い,情報工学系（情報工学科も含む）,Google Colaboratory;Slack;Github;NumPy;Matplotlib;scikit-learn;,,
3,2012/5/23 15:02,2012/5/23 15:05,anonymous,,自分で計算できる程度に理解している,自分で計算できる程度に理解している,講義で聞いたことがある,よく知っている（独学で勉強した、自分で使ったことがある）,講義で聞いたことがある,講義で聞いたことがある,講義で聞いたことがある,講義で聞いたことがある,講義で聞いたことがある,講義で聞いたことがある,講義で聞いたことがある,ある程度コードが書ける,参加したことは無い,情報工学系（情報工学科も含む）,Google Colaboratory;Jupyter Notebook（上記のサービスを除く）;Slack;Github;NumPy;Matplotlib;scikit-learn;PyTorch;,,
4,2012/5/23 15:18,2012/5/23 15:19,anonymous,,自分で計算できる程度に理解している,講義で聞いたことはある,あまり知らない,講義で聞いたことがある,あまり知らない,あまり知らない,あまり知らない,あまり知らない,あまり知らない,あまり知らない,あまり知らない,講義で勉強したことがある,参加したことは無い,情報工学系（情報工学科も含む）,Slack;Github;,,
5,2012/5/23 15:33,2012/5/23 15:34,anonymous,,自分で計算できる程度に理解している,自分で計算できる程度に理解している,講義で聞いたことがある,講義で聞いたことがある,講義で聞いたことがある,講義で聞いたことがある,講義で聞いたことがある,講義で聞いたことがある,講義で聞いたことがある,講義で聞いたことがある,講義で聞いたことがある,ある程度コードが書ける,参加したことは無い,情報工学系（情報工学科も含む）,Google Colaboratory;Slack;Github;NumPy;,,
6,2012/5/23 15:33,2012/5/23 15:36,anonymous,,講義で聞いたことはある,あまり知らない,講義で聞いたことがある,あまり知らない,あまり知らない,あまり知らない,あまり知らない,あまり知らない,あまり知らない,あまり知らない,あまり知らない,あまり知らない,参加したことは無い,情報工学系（情報工学科も含む）,Slack;Github;,,
7,2012/5/23 15:36,2012/5/23 15:37,anonymous,,講義で聞いたことはある,講義で聞いたことはある,講義で聞いたことがある,講義で聞いたことがある,あまり知らない,あまり知らない,あまり知らない,あまり知らない,あまり知らない,あまり知らない,あまり知らない,ある程度コードが書ける,参加したことは無い,情報工学系（情報工学科も含む）,Google Colaboratory;Slack;Github;,,
8,2012/5/23 15:04,2012/5/23 15:38,anonymous,,自分で計算できる程度に理解している,自分で計算できる程度に理解している,講義で聞いたことがある,あまり知らない,講義で聞いたことがある,あまり知らない,講義で聞いたことがある,あまり知らない,講義で聞いたことがある,あまり知らない,あまり知らない,講義で勉強したことがある,参加したことは無い,情報工学系（情報工学科も含む）,Slack;Github;,,
9,2012/5/23 15:37,2012/5/23 15:38,anonymous,,講義で聞いたことはある,あまり知らない,講義で聞いたことがある,あまり知らない,あまり知らない,あまり知らない,講義で聞いたことがある,あまり知らない,あまり知らない,あまり知らない,あまり知らない,講義で勉強したことがある,参加したことは無い,情報工学系（情報工学科も含む）,Google Colaboratory;Slack;,,
10,2012/5/23 15:36,2012/5/23 15:38,anonymous,,自分で計算できる程度に理解している,講義で聞いたことはある,講義で聞いたことがある,講義で聞いたことがある,あまり知らない,あまり知らない,よく知っている（独学で勉強した、自分で使ったことがある）,あまり知らない,あまり知らない,あまり知らない,あまり知らない,講義で勉強したことがある,参加したことは無い,情報工学系（情報工学科も含む）,Slack;Github;,,
11,2012/5/23 15:38,2012/5/23 15:38,anonymous,,自分で計算できる程度に理解している,自分で計算できる程度に理解している,よく知っている（独学で勉強した、自分で使ったことがある）,よく知っている（独学で勉強した、自分で使ったことがある）,よく知っている（独学で勉強した、自分で使ったことがある）,よく知っている（独学で勉強した、自分で使ったことがある）,よく知っている（独学で勉強した、自分で使ったことがある）,よく知っている（独学で勉強した、自分で使ったことがある）,よく知っている（独学で勉強した、自分で使ったことがある）,よく知っている（独学で勉強した、自分で使ったことがある）,よく知っている（独学で勉強した、自分で使ったことがある）,普段からプログラムを書いている,エキスパート（Kaggleランカーなど）,情報工学系（情報工学科も含む）,Google Colaboratory;Jupyter Notebook（上記のサービスを除く）;Slack;Github;NumPy;Matplotlib;scikit-learn;PyTorch;,,
12,2012/5/23 15:33,2012/5/23 15:38,anonymous,,講義で聞いたことはある,講義で聞いたことはある,よく知っている（独学で勉強した、自分で使ったことがある）,よく知っている（独学で勉強した、自分で使ったことがある）,よく知っている（独学で勉強した、自分で使ったことがある）,よく知っている（独学で勉強した、自分で使ったことがある）,よく知っている（独学で勉強した、自分で使ったことがある）,よく知っている（独学で勉強した、自分で使ったことがある）,よく知っている（独学で勉強した、自分で使ったことがある）,よく知っている（独学で勉強した、自分で使ったことがある）,講義で聞いたことがある,ある程度コードが書ける,参加したことは無い,経営工学系,Google Colaboratory;Slack;NumPy;Matplotlib;scikit-learn;PyTorch;,,
13,2012/5/23 15:38,2012/5/23 15:38,anonymous,,講義で聞いたことはある,講義で聞いたことはある,よく知っている（独学で勉強した、自分で使ったことがある）,講義で聞いたことがある,あまり知らない,あまり知らない,講義で聞いたことがある,あまり知らない,あまり知らない,あまり知らない,あまり知らない,講義で勉強したことがある,参加したことは無い,情報工学系（情報工学科も含む）,Slack;Jupyter Notebook（上記のサービスを除く）;Google Colaboratory;Github;,,
14,2012/5/23 15:38,2012/5/23 15:38,anonymous,,あまり知らない,あまり知らない,あまり知らない,あまり知らない,あまり知らない,あまり知らない,あまり知らない,あまり知らない,あまり知らない,あまり知らない,あまり知らない,あまり知らない,参加したことは無い,情報工学系（情報工学科も含む）,Google Colaboratory;,,
15,2012/5/23 15:38,2012/5/23 15:39,anonymous,,自分で計算できる程度に理解している,講義で聞いたことはある,あまり知らない,講義で聞いたことがある,あまり知らない,講義で聞いたことがある,講義で聞いたことがある,あまり知らない,あまり知らない,あまり知らない,あまり知らない,ある程度コードが書ける,参加したことは無い,情報工学系（情報工学科も含む）,Google Colaboratory;Slack;,,
16,2012/5/23 15:38,2012/5/23 15:39,anonymous,,講義で聞いたことはある,あまり知らない,講義で聞いたことがある,講義で聞いたことがある,あまり知らない,講義で聞いたことがある,講義で聞いたことがある,あまり知らない,あまり知らない,あまり知らない,あまり知らない,講義で勉強したことがある,参加したことは無い,情報工学系（情報工学科も含む）,Slack;Github;,,
17,2012/5/23 15:38,2012/5/23 15:39,anonymous,,自分で計算できる程度に理解している,講義で聞いたことはある,講義で聞いたことがある,講義で聞いたことがある,あまり知らない,あまり知らない,講義で聞いたことがある,あまり知らない,講義で聞いたことがある,よく知っている（独学で勉強した、自分で使ったことがある）,講義で聞いたことがある,ある程度コードが書ける,参加したことは無い,情報通信系,Google Colaboratory;Slack;Github;NumPy;PyTorch;,,
18,2012/5/23 15:34,2012/5/23 15:39,anonymous,,自分で計算できる程度に理解している,講義で聞いたことはある,あまり知らない,講義で聞いたことがある,講義で聞いたことがある,あまり知らない,講義で聞いたことがある,あまり知らない,あまり知らない,あまり知らない,講義で聞いたことがある,講義で勉強したことがある,参加したことは無い,情報工学系（情報工学科も含む）,Google Colaboratory;Slack;,,
19,2012/5/23 15:38,2012/5/23 15:39,anonymous,,自分で計算できる程度に理解している,自分で計算できる程度に理解している,よく知っている（独学で勉強した、自分で使ったことがある）,よく知っている（独学で勉強した、自分で使ったことがある）,よく知っている（独学で勉強した、自分で使ったことがある）,よく知っている（独学で勉強した、自分で使ったことがある）,よく知っている（独学で勉強した、自分で使ったことがある）,よく知っている（独学で勉強した、自分で使ったことがある）,よく知っている（独学で勉強した、自分で使ったことがある）,よく知っている（独学で勉強した、自分で使ったことがある）,よく知っている（独学で勉強した、自分で使ったことがある）,普段からプログラムを書いている,参加したことがある,情報工学系（情報工学科も含む）,Google Colaboratory;Amazon SageMaker Studio Lab;Jupyter Notebook（上記のサービスを除く）;Slack;Github;NumPy;Matplotlib;scikit-learn;PyTorch;,,
20,2012/5/23 15:38,2012/5/23 15:39,anonymous,,あまり知らない,あまり知らない,あまり知らない,あまり知らない,あまり知らない,あまり知らない,あまり知らない,あまり知らない,あまり知らない,あまり知らない,あまり知らない,あまり知らない,参加したことは無い,情報工学系（情報工学科も含む）,Slack;,,
21,2012/5/23 15:38,2012/5/23 15:39,anonymous,,講義で聞いたことはある,あまり知らない,あまり知らない,講義で聞いたことがある,あまり知らない,あまり知らない,講義で聞いたことがある,あまり知らない,あまり知らない,あまり知らない,あまり知らない,講義で勉強したことがある,参加したことは無い,情報工学系（情報工学科も含む）,Google Colaboratory;Github;,,
22,2012/5/23 15:38,2012/5/23 15:39,anonymous,,講義で聞いたことはある,講義で聞いたことはある,講義で聞いたことがある,講義で聞いたことがある,あまり知らない,あまり知らない,講義で聞いたことがある,あまり知らない,あまり知らない,あまり知らない,あまり知らない,講義で勉強したことがある,参加したことは無い,情報工学系（情報工学科も含む）,Slack;,,
23,2012/5/23 15:38,2012/5/23 15:39,anonymous,,自分で計算できる程度に理解している,講義で聞いたことはある,あまり知らない,あまり知らない,あまり知らない,あまり知らない,よく知っている（独学で勉強した、自分で使ったことがある）,あまり知らない,講義で聞いたことがある,講義で聞いたことがある,あまり知らない,講義で勉強したことがある,参加したことは無い,情報工学系（情報工学科も含む）,Google Colaboratory;scikit-learn;Matplotlib;NumPy;Slack;,,
24,2012/5/23 15:38,2012/5/23 15:39,anonymous,,講義で聞いたことはある,講義で聞いたことはある,よく知っている（独学で勉強した、自分で使ったことがある）,講義で聞いたことがある,あまり知らない,あまり知らない,講義で聞いたことがある,あまり知らない,あまり知らない,あまり知らない,講義で聞いたことがある,講義で勉強したことがある,参加したことは無い,情報工学系（情報工学科も含む）,Slack;Google Colaboratory;Jupyter Notebook（上記のサービスを除く）;NumPy;Matplotlib;Github;,,
25,2012/5/23 15:38,2012/5/23 15:39,anonymous,,自分で計算できる程度に理解している,講義で聞いたことはある,講義で聞いたことがある,講義で聞いたことがある,あまり知らない,講義で聞いたことがある,講義で聞いたことがある,あまり知らない,講義で聞いたことがある,講義で聞いたことがある,講義で聞いたことがある,ある程度コードが書ける,参加したことは無い,情報工学系（情報工学科も含む）,Google Colaboratory;Jupyter Notebook（上記のサービスを除く）;Slack;Github;Matplotlib;PyTorch;,,
26,2012/5/23 15:38,2012/5/23 15:39,anonymous,,自分で計算できる程度に理解している,講義で聞いたことはある,講義で聞いたことがある,講義で聞いたことがある,あまり知らない,あまり知らない,講義で聞いたことがある,あまり知らない,講義で聞いたことがある,あまり知らない,よく知っている（独学で勉強した、自分で使ったことがある）,普段からプログラムを書いている,参加したことは無い,情報工学系（情報工学科も含む）,Google Colaboratory;Slack;Github;NumPy;scikit-learn;Jupyter Notebook（上記のサービスを除く）;,,
27,2012/5/23 15:38,2012/5/23 15:39,anonymous,,自分で計算できる程度に理解している,自分で計算できる程度に理解している,あまり知らない,あまり知らない,あまり知らない,あまり知らない,講義で聞いたことがある,あまり知らない,あまり知らない,あまり知らない,講義で聞いたことがある,普段からプログラムを書いている,参加したことは無い,科目等履修生,NumPy;Github;Slack;Matplotlib;,,
28,2012/5/23 15:38,2012/5/23 15:39,anonymous,,自分で計算できる程度に理解している,講義で聞いたことはある,講義で聞いたことがある,講義で聞いたことがある,講義で聞いたことがある,講義で聞いたことがある,講義で聞いたことがある,あまり知らない,あまり知らない,あまり知らない,あまり知らない,講義で勉強したことがある,参加したことは無い,情報工学系（情報工学科も含む）,Google Colaboratory;Jupyter Notebook（上記のサービスを除く）;Slack;,,
29,2012/5/23 15:38,2012/5/23 15:39,anonymous,,自分で計算できる程度に理解している,自分で計算できる程度に理解している,よく知っている（独学で勉強した、自分で使ったことがある）,講義で聞いたことがある,よく知っている（独学で勉強した、自分で使ったことがある）,よく知っている（独学で勉強した、自分で使ったことがある）,よく知っている（独学で勉強した、自分で使ったことがある）,講義で聞いたことがある,講義で聞いたことがある,あまり知らない,あまり知らない,ある程度コードが書ける,参加したことは無い,材料系,Google Colaboratory;Slack;Github;NumPy;Matplotlib;scikit-learn;,,
30,2012/5/23 15:37,2012/5/23 15:39,anonymous,,自分で計算できる程度に理解している,自分で計算できる程度に理解している,講義で聞いたことがある,あまり知らない,講義で聞いたことがある,講義で聞いたことがある,講義で聞いたことがある,講義で聞いたことがある,講義で聞いたことがある,講義で聞いたことがある,講義で聞いたことがある,ある程度コードが書ける,参加したことは無い,情報工学系（情報工学科も含む）,Google Colaboratory;Jupyter Notebook（上記のサービスを除く）;Slack;NumPy;Matplotlib;scikit-learn;,,
31,2012/5/23 15:38,2012/5/23 15:39,anonymous,,講義で聞いたことはある,講義で聞いたことはある,あまり知らない,あまり知らない,講義で聞いたことがある,講義で聞いたことがある,講義で聞いたことがある,あまり知らない,講義で聞いたことがある,講義で聞いたことがある,講義で聞いたことがある,ある程度コードが書ける,参加したことは無い,情報工学系（情報工学科も含む）,Google Colaboratory;Jupyter Notebook（上記のサービスを除く）;Slack;Github;NumPy;Matplotlib;scikit-learn;,,
32,2012/5/23 15:38,2012/5/23 15:39,anonymous,,講義で聞いたことはある,あまり知らない,あまり知らない,講義で聞いたことがある,あまり知らない,あまり知らない,講義で聞いたことがある,あまり知らない,あまり知らない,あまり知らない,講義で聞いたことがある,講義で勉強したことがある,参加したことは無い,情報工学系（情報工学科も含む）,Google Colaboratory;Slack;,,
33,2012/5/23 15:38,2012/5/23 15:39,anonymous,,自分で計算できる程度に理解している,講義で聞いたことはある,講義で聞いたことがある,よく知っている（独学で勉強した、自分で使ったことがある）,講義で聞いたことがある,講義で聞いたことがある,講義で聞いたことがある,あまり知らない,講義で聞いたことがある,講義で聞いたことがある,あまり知らない,普段からプログラムを書いている,参加したことは無い,情報工学系（情報工学科も含む）,Google Colaboratory;Slack;Github;,,
34,2012/5/23 15:38,2012/5/23 15:39,anonymous,,自分で計算できる程度に理解している,講義で聞いたことはある,講義で聞いたことがある,講義で聞いたことがある,講義で聞いたことがある,講義で聞いたことがある,講義で聞いたことがある,あまり知らない,講義で聞いたことがある,講義で聞いたことがある,講義で聞いたことがある,講義で勉強したことがある,参加したことは無い,情報工学系（情報工学科も含む）,Google Colaboratory;Slack;NumPy;Matplotlib;scikit-learn;,,
35,2012/5/23 15:38,2012/5/23 15:39,anonymous,,講義で聞いたことはある,講義で聞いたことはある,よく知っている（独学で勉強した、自分で使ったことがある）,講義で聞いたことがある,講義で聞いたことがある,講義で聞いたことがある,よく知っている（独学で勉強した、自分で使ったことがある）,あまり知らない,講義で聞いたことがある,あまり知らない,講義で聞いたことがある,ある程度コードが書ける,参加したことは無い,情報工学系（情報工学科も含む）,Google Colaboratory;Slack;Github;NumPy;Jupyter Notebook（上記のサービスを除く）;,,
36,2012/5/23 15:38,2012/5/23 15:39,anonymous,,自分で計算できる程度に理解している,講義で聞いたことはある,講義で聞いたことがある,あまり知らない,講義で聞いたことがある,講義で聞いたことがある,講義で聞いたことがある,講義で聞いたことがある,講義で聞いたことがある,講義で聞いたことがある,講義で聞いたことがある,講義で勉強したことがある,参加したことは無い,情報工学系（情報工学科も含む）,Google Colaboratory;Jupyter Notebook（上記のサービスを除く）;Slack;Github;NumPy;Matplotlib;scikit-learn;PyTorch;,,
37,2012/5/23 15:38,2012/5/23 15:39,anonymous,,自分で計算できる程度に理解している,自分で計算できる程度に理解している,講義で聞いたことがある,講義で聞いたことがある,あまり知らない,講義で聞いたことがある,講義で聞いたことがある,あまり知らない,講義で聞いたことがある,あまり知らない,講義で聞いたことがある,ある程度コードが書ける,参加したことがある,情報通信系,Google Colaboratory;Jupyter Notebook（上記のサービスを除く）;Slack;Github;NumPy;Matplotlib;,,
38,2012/5/23 15:38,2012/5/23 15:39,anonymous,,自分で計算できる程度に理解している,講義で聞いたことはある,講義で聞いたことがある,講義で聞いたことがある,あまり知らない,講義で聞いたことがある,講義で聞いたことがある,あまり知らない,講義で聞いたことがある,あまり知らない,あまり知らない,講義で勉強したことがある,参加したことは無い,情報通信系,Google Colaboratory;Slack;Github;Matplotlib;NumPy;,,
39,2012/5/23 15:38,2012/5/23 15:39,anonymous,,講義で聞いたことはある,あまり知らない,あまり知らない,あまり知らない,講義で聞いたことがある,講義で聞いたことがある,よく知っている（独学で勉強した、自分で使ったことがある）,あまり知らない,講義で聞いたことがある,あまり知らない,講義で聞いたことがある,ある程度コードが書ける,参加したことは無い,情報工学系（情報工学科も含む）,Google Colaboratory;Slack;NumPy;Matplotlib;,,
40,2012/5/23 15:38,2012/5/23 15:39,anonymous,,自分で計算できる程度に理解している,自分で計算できる程度に理解している,よく知っている（独学で勉強した、自分で使ったことがある）,よく知っている（独学で勉強した、自分で使ったことがある）,よく知っている（独学で勉強した、自分で使ったことがある）,よく知っている（独学で勉強した、自分で使ったことがある）,よく知っている（独学で勉強した、自分で使ったことがある）,講義で聞いたことがある,講義で聞いたことがある,講義で聞いたことがある,講義で聞いたことがある,講義で勉強したことがある,参加したことがある,情報工学系（情報工学科も含む）,Google Colaboratory;Jupyter Notebook（上記のサービスを除く）;Slack;Github;NumPy;Matplotlib;scikit-learn;PyTorch;,,
41,2012/5/23 15:38,2012/5/23 15:39,anonymous,,自分で計算できる程度に理解している,講義で聞いたことはある,講義で聞いたことがある,講義で聞いたことがある,講義で聞いたことがある,講義で聞いたことがある,講義で聞いたことがある,講義で聞いたことがある,講義で聞いたことがある,講義で聞いたことがある,講義で聞いたことがある,ある程度コードが書ける,参加したことは無い,情報工学系（情報工学科も含む）,Jupyter Notebook（上記のサービスを除く）;Slack;Github;NumPy;Matplotlib;scikit-learn;PyTorch;Google Colaboratory;,,
42,2012/5/23 15:38,2012/5/23 15:40,anonymous,,自分で計算できる程度に理解している,自分で計算できる程度に理解している,講義で聞いたことがある,あまり知らない,あまり知らない,あまり知らない,講義で聞いたことがある,あまり知らない,あまり知らない,あまり知らない,講義で聞いたことがある,ある程度コードが書ける,参加したことは無い,情報工学系（情報工学科も含む）,,,
43,2012/5/23 15:38,2012/5/23 15:40,anonymous,,自分で計算できる程度に理解している,講義で聞いたことはある,よく知っている（独学で勉強した、自分で使ったことがある）,よく知っている（独学で勉強した、自分で使ったことがある）,よく知っている（独学で勉強した、自分で使ったことがある）,よく知っている（独学で勉強した、自分で使ったことがある）,よく知っている（独学で勉強した、自分で使ったことがある）,あまり知らない,よく知っている（独学で勉強した、自分で使ったことがある）,講義で聞いたことがある,講義で聞いたことがある,ある程度コードが書ける,参加したことは無い,情報工学系（情報工学科も含む）,Google Colaboratory;Jupyter Notebook（上記のサービスを除く）;Slack;NumPy;Matplotlib;scikit-learn;,,
44,2012/5/23 15:39,2012/5/23 15:40,anonymous,,自分で計算できる程度に理解している,講義で聞いたことはある,講義で聞いたことがある,講義で聞いたことがある,あまり知らない,講義で聞いたことがある,講義で聞いたことがある,あまり知らない,あまり知らない,あまり知らない,講義で聞いたことがある,ある程度コードが書ける,参加したことは無い,情報工学系（情報工学科も含む）,Google Colaboratory;Jupyter Notebook（上記のサービスを除く）;Slack;Github;NumPy;Matplotlib;,,
45,2012/5/23 15:38,2012/5/23 15:40,anonymous,,講義で聞いたことはある,講義で聞いたことはある,講義で聞いたことがある,講義で聞いたことがある,講義で聞いたことがある,講義で聞いたことがある,講義で聞いたことがある,あまり知らない,講義で聞いたことがある,講義で聞いたことがある,講義で聞いたことがある,ある程度コードが書ける,参加したことがある,情報工学系（情報工学科も含む）,Google Colaboratory;Jupyter Notebook（上記のサービスを除く）;Slack;Github;NumPy;Matplotlib;scikit-learn;PyTorch;,,
46,2012/5/23 15:39,2012/5/23 15:40,anonymous,,自分で計算できる程度に理解している,講義で聞いたことはある,あまり知らない,講義で聞いたことがある,講義で聞いたことがある,あまり知らない,講義で聞いたことがある,あまり知らない,講義で聞いたことがある,あまり知らない,講義で聞いたことがある,講義で勉強したことがある,参加したことは無い,情報工学系（情報工学科も含む）,Slack;Github;,,
47,2012/5/23 15:38,2012/5/23 15:40,anonymous,,講義で聞いたことはある,講義で聞いたことはある,講義で聞いたことがある,講義で聞いたことがある,あまり知らない,あまり知らない,あまり知らない,あまり知らない,あまり知らない,あまり知らない,あまり知らない,ある程度コードが書ける,参加したことは無い,情報工学系（情報工学科も含む）,Google Colaboratory;Slack;Github;NumPy;Matplotlib;,,
48,2012/5/23 15:39,2012/5/23 15:41,anonymous,,自分で計算できる程度に理解している,講義で聞いたことはある,講義で聞いたことがある,あまり知らない,あまり知らない,講義で聞いたことがある,講義で聞いたことがある,講義で聞いたことがある,あまり知らない,あまり知らない,あまり知らない,ある程度コードが書ける,参加したことは無い,情報工学系（情報工学科も含む）,Google Colaboratory;Slack;Github;NumPy;Matplotlib;scikit-learn;PyTorch;,,
49,2012/5/23 15:40,2012/5/23 15:41,anonymous,,自分で計算できる程度に理解している,講義で聞いたことはある,あまり知らない,あまり知らない,あまり知らない,講義で聞いたことがある,講義で聞いたことがある,講義で聞いたことがある,講義で聞いたことがある,あまり知らない,あまり知らない,ある程度コードが書ける,参加したことは無い,情報工学系（情報工学科も含む）,Google Colaboratory;Slack;Github;NumPy;Matplotlib;scikit-learn;,,
50,2012/5/23 15:38,2012/5/23 15:41,anonymous,,自分で計算できる程度に理解している,自分で計算できる程度に理解している,よく知っている（独学で勉強した、自分で使ったことがある）,よく知っている（独学で勉強した、自分で使ったことがある）,講義で聞いたことがある,講義で聞いたことがある,講義で聞いたことがある,あまり知らない,あまり知らない,あまり知らない,あまり知らない,講義で勉強したことがある,参加したことは無い,情報工学系（情報工学科も含む）,Google Colaboratory;Slack;,,
51,2012/5/23 15:40,2012/5/23 15:41,anonymous,,自分で計算できる程度に理解している,自分で計算できる程度に理解している,よく知っている（独学で勉強した、自分で使ったことがある）,よく知っている（独学で勉強した、自分で使ったことがある）,よく知っている（独学で勉強した、自分で使ったことがある）,よく知っている（独学で勉強した、自分で使ったことがある）,よく知っている（独学で勉強した、自分で使ったことがある）,よく知っている（独学で勉強した、自分で使ったことがある）,よく知っている（独学で勉強した、自分で使ったことがある）,講義で聞いたことがある,講義で聞いたことがある,ある程度コードが書ける,参加したことがある,情報工学系（情報工学科も含む）,NumPy;Matplotlib;scikit-learn;PyTorch;Google Colaboratory;Amazon SageMaker Studio Lab;Slack;Github;,,
52,2012/5/23 15:40,2012/5/23 15:42,anonymous,,講義で聞いたことはある,講義で聞いたことはある,講義で聞いたことがある,よく知っている（独学で勉強した、自分で使ったことがある）,あまり知らない,講義で聞いたことがある,講義で聞いたことがある,あまり知らない,講義で聞いたことがある,あまり知らない,講義で聞いたことがある,ある程度コードが書ける,参加したことは無い,情報工学系（情報工学科も含む）,Google Colaboratory;Jupyter Notebook（上記のサービスを除く）;Slack;NumPy;Github;,,
53,2012/5/23 15:38,2012/5/23 15:42,anonymous,,自分で計算できる程度に理解している,講義で聞いたことはある,講義で聞いたことがある,講義で聞いたことがある,あまり知らない,あまり知らない,講義で聞いたことがある,あまり知らない,講義で聞いたことがある,あまり知らない,講義で聞いたことがある,ある程度コードが書ける,参加したことは無い,情報工学系（情報工学科も含む）,Google Colaboratory;Jupyter Notebook（上記のサービスを除く）;Slack;Matplotlib;,,
54,2012/5/23 15:38,2012/5/23 15:42,anonymous,,自分で計算できる程度に理解している,講義で聞いたことはある,講義で聞いたことがある,講義で聞いたことがある,講義で聞いたことがある,よく知っている（独学で勉強した、自分で使ったことがある）,よく知っている（独学で勉強した、自分で使ったことがある）,講義で聞いたことがある,講義で聞いたことがある,講義で聞いたことがある,講義で聞いたことがある,ある程度コードが書ける,参加したことがある,情報工学系（情報工学科も含む）,Google Colaboratory;Jupyter Notebook（上記のサービスを除く）;Slack;Github;NumPy;Matplotlib;scikit-learn;PyTorch;,,
55,2012/5/23 15:42,2012/5/23 15:43,anonymous,,講義で聞いたことはある,講義で聞いたことはある,講義で聞いたことがある,講義で聞いたことがある,よく知っている（独学で勉強した、自分で使ったことがある）,あまり知らない,講義で聞いたことがある,講義で聞いたことがある,講義で聞いたことがある,あまり知らない,あまり知らない,ある程度コードが書ける,参加したことは無い,情報工学系（情報工学科も含む）,Google Colaboratory;Jupyter Notebook（上記のサービスを除く）;Slack;Github;NumPy;Matplotlib;scikit-learn;PyTorch;,,
56,2012/5/23 15:38,2012/5/23 15:43,anonymous,,自分で計算できる程度に理解している,自分で計算できる程度に理解している,よく知っている（独学で勉強した、自分で使ったことがある）,あまり知らない,あまり知らない,よく知っている（独学で勉強した、自分で使ったことがある）,よく知っている（独学で勉強した、自分で使ったことがある）,あまり知らない,あまり知らない,あまり知らない,よく知っている（独学で勉強した、自分で使ったことがある）,普段からプログラムを書いている,参加したことは無い,数理・計算科学系,Jupyter Notebook（上記のサービスを除く）;Slack;Github;NumPy;Matplotlib;scikit-learn;,,
57,2012/5/23 15:38,2012/5/23 15:46,anonymous,,自分で計算できる程度に理解している,講義で聞いたことはある,あまり知らない,講義で聞いたことがある,あまり知らない,あまり知らない,講義で聞いたことがある,あまり知らない,あまり知らない,あまり知らない,あまり知らない,講義で勉強したことがある,参加したことは無い,情報工学系（情報工学科も含む）,Google Colaboratory;Jupyter Notebook（上記のサービスを除く）;Slack;,,
58,2012/5/23 15:38,2012/5/23 15:51,anonymous,,講義で聞いたことはある,講義で聞いたことはある,講義で聞いたことがある,講義で聞いたことがある,講義で聞いたことがある,講義で聞いたことがある,講義で聞いたことがある,講義で聞いたことがある,講義で聞いたことがある,講義で聞いたことがある,講義で聞いたことがある,講義で勉強したことがある,参加したことは無い,情報工学系（情報工学科も含む）,Google Colaboratory;Jupyter Notebook（上記のサービスを除く）;Slack;Github;NumPy;Matplotlib;scikit-learn;PyTorch;,,
59,2012/5/23 16:01,2012/5/23 16:02,anonymous,,自分で計算できる程度に理解している,自分で計算できる程度に理解している,よく知っている（独学で勉強した、自分で使ったことがある）,よく知っている（独学で勉強した、自分で使ったことがある）,講義で聞いたことがある,よく知っている（独学で勉強した、自分で使ったことがある）,講義で聞いたことがある,講義で聞いたことがある,講義で聞いたことがある,講義で聞いたことがある,講義で聞いたことがある,講義で勉強したことがある,参加したことは無い,情報工学系（情報工学科も含む）,Google Colaboratory;Slack;Github;,,
60,2012/5/23 16:27,2012/5/23 16:28,anonymous,,講義で聞いたことはある,講義で聞いたことはある,よく知っている（独学で勉強した、自分で使ったことがある）,講義で聞いたことがある,講義で聞いたことがある,講義で聞いたことがある,講義で聞いたことがある,講義で聞いたことがある,講義で聞いたことがある,講義で聞いたことがある,講義で聞いたことがある,講義で勉強したことがある,参加したことは無い,情報工学系（情報工学科も含む）,Google Colaboratory;Slack;Github;,,
61,2012/5/23 16:27,2012/5/23 16:28,anonymous,,講義で聞いたことはある,あまり知らない,あまり知らない,講義で聞いたことがある,講義で聞いたことがある,あまり知らない,講義で聞いたことがある,あまり知らない,あまり知らない,あまり知らない,講義で聞いたことがある,講義で勉強したことがある,参加したことは無い,情報工学系（情報工学科も含む）,Github;Slack;Google Colaboratory;,,
62,2012/5/23 15:38,2012/5/23 16:54,anonymous,,講義で聞いたことはある,講義で聞いたことはある,講義で聞いたことがある,講義で聞いたことがある,よく知っている（独学で勉強した、自分で使ったことがある）,よく知っている（独学で勉強した、自分で使ったことがある）,よく知っている（独学で勉強した、自分で使ったことがある）,講義で聞いたことがある,講義で聞いたことがある,講義で聞いたことがある,講義で聞いたことがある,講義で勉強したことがある,参加したことがある,情報工学系（情報工学科も含む）,Google Colaboratory;Jupyter Notebook（上記のサービスを除く）;Slack;Github;NumPy;Matplotlib;scikit-learn;,,
63,2012/5/23 18:41,2012/5/23 18:42,anonymous,,自分で計算できる程度に理解している,自分で計算できる程度に理解している,講義で聞いたことがある,講義で聞いたことがある,あまり知らない,講義で聞いたことがある,よく知っている（独学で勉強した、自分で使ったことがある）,あまり知らない,講義で聞いたことがある,講義で聞いたことがある,講義で聞いたことがある,ある程度コードが書ける,参加したことは無い,数理計算科学系,Google Colaboratory;Jupyter Notebook（上記のサービスを除く）;Slack;Github;NumPy;Matplotlib;scikit-learn;PyTorch;,,
64,2012/5/23 20:27,2012/5/23 20:28,anonymous,,講義で聞いたことはある,講義で聞いたことはある,講義で聞いたことがある,講義で聞いたことがある,講義で聞いたことがある,講義で聞いたことがある,講義で聞いたことがある,講義で聞いたことがある,講義で聞いたことがある,講義で聞いたことがある,講義で聞いたことがある,ある程度コードが書ける,参加したことは無い,情報工学系（情報工学科も含む）,Google Colaboratory;Jupyter Notebook（上記のサービスを除く）;Slack;NumPy;Matplotlib;scikit-learn;,,
65,2012/6/23 8:48,2012/6/23 8:51,anonymous,,講義で聞いたことはある,講義で聞いたことはある,講義で聞いたことがある,講義で聞いたことがある,あまり知らない,あまり知らない,講義で聞いたことがある,あまり知らない,講義で聞いたことがある,あまり知らない,講義で聞いたことがある,講義で勉強したことがある,参加したことは無い,情報工学系（情報工学科も含む）,Jupyter Notebook（上記のサービスを除く）;Slack;Github;Matplotlib;Google Colaboratory;,,
66,2012/5/23 15:38,2012/6/23 10:54,anonymous,,講義で聞いたことはある,講義で聞いたことはある,よく知っている（独学で勉強した、自分で使ったことがある）,よく知っている（独学で勉強した、自分で使ったことがある）,よく知っている（独学で勉強した、自分で使ったことがある）,よく知っている（独学で勉強した、自分で使ったことがある）,よく知っている（独学で勉強した、自分で使ったことがある）,よく知っている（独学で勉強した、自分で使ったことがある）,よく知っている（独学で勉強した、自分で使ったことがある）,よく知っている（独学で勉強した、自分で使ったことがある）,よく知っている（独学で勉強した、自分で使ったことがある）,普段からプログラムを書いている,参加したことは無い,情報工学系（情報工学科も含む）,Google Colaboratory;Jupyter Notebook（上記のサービスを除く）;Slack;Github;NumPy;Matplotlib;scikit-learn;PyTorch;,,
67,2012/7/23 4:53,2012/7/23 4:54,anonymous,,自分で計算できる程度に理解している,講義で聞いたことはある,よく知っている（独学で勉強した、自分で使ったことがある）,講義で聞いたことがある,講義で聞いたことがある,講義で聞いたことがある,講義で聞いたことがある,講義で聞いたことがある,講義で聞いたことがある,講義で聞いたことがある,講義で聞いたことがある,ある程度コードが書ける,参加したことは無い,情報工学系（情報工学科も含む）,Google Colaboratory;Jupyter Notebook（上記のサービスを除く）;Slack;Github;NumPy;Matplotlib;scikit-learn;PyTorch;,,
